up,down,mean_length,var_length,mean_time,var_time
42,32,118.75675675675676,47662.40029218407,1.1095301419088286,22.921138017472177
1,2,53.333333333333336,0.888888888888889,14.365999698638916,206.38194734129343
3,3,64.5,279.9166666666667,7.34249210357666,122.56448282444717
10,10,381.25,193852.4875,2.925721764564514,98.9657190665277
1,2,60.0,354.6666666666667,23.408321142196655,547.5072396018404
3,3,61.166666666666664,240.1388888888889,6.024255752563477,109.4067895243525
4,4,63.375,186.734375,9.143214225769043,311.27487884331873
1,2,62.0,128.0,5.73340858731951,107.16630150227084
15,17,313.40625,242304.8662109375,1.735482473631163,25.188338580301448
3,4,55.142857142857146,102.69387755102044,7.917780876159668,273.9537671103828
9,6,61.0,270.0,5.033786743879318,47.731433326758015
5,2,148.71428571428572,6403.632653061223,10.193330446879068,35.15433862855212
1,2,51.333333333333336,54.22222222222223,35.2462363243103,1242.297175029131
16,17,291.7878787878788,219837.9853076217,1.634191049111856,22.7637267861473
3,3,49.5,29.25,12.348153114318848,347.3510639152764
24,5,97.93103448275862,5720.615933412605,1.8891448634011405,85.75011707336247
1,2,72.0,210.66666666666666,16.115182638168335,258.52244139944247
4,0,95.0,100.0,11.19786947965622,498.1545427777938
1,1,47.0,25.0,11.050619781017303,157.93020054526102
1,2,60.0,354.6666666666667,12.600080966949463,158.61643532553558
4,3,57.42857142857143,256.8163265306123,13.316575686136881,186.3057934417283
6,2,150.25,6522.4375,11.914371848106384,213.48057264970316
0,0,0,0,0,0
3,3,71.66666666666667,320.5555555555556,9.553789615631104,357.05510749553105
0,1,52.0,0.0,0,0
0,1,52.0,0.0,0,0
13,10,250.8695652173913,127676.11342155011,0.09822195226495917,0.027215262993991962
2,2,84.0,12.0,15.381229718526205,472.42509908947386
0,1,52.0,0.0,0,0
0,0,0,0,0,0
2,3,65.2,320.96,9.856432676315308,146.00955033399856
1,1,82.0,16.0,0.040433406829833984,0.0
2,3,49.6,47.04,6.376460790634155,43.133012557304085
7,0,144.28571428571428,7245.0612244897975,6.8463921546936035,12.723966292139721
2,3,77.6,173.44,12.199814319610596,443.7219978571733
0,1,60.0,0.0,0,0
0,0,0,0,0,0
4,3,50.0,26.285714285714285,7.585146427154541,280.43951232081855
2,2,84.0,12.0,15.821135838826498,499.66544193149247
0,1,52.0,0.0,0,0
0,0,0,0,0,0
3,3,71.66666666666667,320.55555555555554,9.424850463867188,263.38720336814595
0,0,0,0,0,0
1,2,51.333333333333336,54.22222222222222,3.4425878524780273,11.851411122029276
2,2,84.0,12.0,15.54120143254598,482.3608058965962
6,1,145.14285714285714,7080.979591836735,8.178412914276123,5.224516223171349
1,1,49.0,9.0,4.073150157928467,0.0
6,2,89.5,86.25,10.26308570589338,249.03579383511575
0,1,52.0,0.0,0,0
0,0,0,0,0,0
1,2,74.66666666666667,256.88888888888886,4.792206287384033,22.96524110084306
1,1,82.0,16.0,0.021255016326904297,0.0
1,2,51.333333333333336,54.22222222222222,18.068256378173828,498.5698365024329
0,1,86.0,0.0,0,0
1,1,82.0,16.0,0.021524429321289062,0.0
0,1,52.0,0.0,0,0
0,1,86.0,0.0,0,0
7,3,122.8,6206.5599999999995,8.766297499338785,173.0967969019149
0,1,52.0,0.0,0,0
1,2,74.66666666666667,256.88888888888886,6.408710479736328,40.95903687089617
1,1,82.0,16.0,0.054917335510253906,0.0
0,1,52.0,0.0,0,0
1,2,60.0,354.6666666666667,18.800238370895386,353.4489628024872
1,2,72.0,210.66666666666666,21.549612283706665,463.01387394352247
0,0,0,0,0,0
0,1,52.0,0.0,0,0
6,5,87.0909090909091,2849.1735537190084,5.88951563835144,82.62200422709093
1,2,51.333333333333336,54.22222222222223,4.052188396453857,16.420230800355284
24,28,409.63461538461536,388330.6164940828,0.46092692543478575,5.439613728040588
6,3,132.22222222222223,6033.283950617285,9.85233724117279,148.09082650695834
3,3,49.666666666666664,33.88888888888889,9.900619506835938,138.43176809061197
4,4,67.0,318.0,8.332856723240443,127.3043038727952
0,1,52.0,0.0,0,0
1,2,62.666666666666664,326.22222222222223,5.7546913623809814,32.98768263579319
2,3,63.6,264.64,12.344713687896729,247.64038574146616
4,5,59.55555555555556,150.02469135802465,7.080142498016357,95.95866424543829
2,3,65.2,320.9599999999999,6.427389979362488,90.84965651001758
4,1,87.8,82.16,8.396918177604675,92.3814187576834
0,1,52.0,0.0,0,0
3,3,71.66666666666667,320.55555555555554,9.985808372497559,168.6658401859372
0,1,52.0,0.0,0,0
4,1,191.6,2787.84,13.44829241434733,262.6032558450195
2,3,62.0,286.4,20.677253007888794,436.770188020823
4,1,46.4,10.24,11.24003291130066,107.69410090993148
10,14,372.4583333333333,252557.2482638889,2.80896052070286,130.70217798061668
1,2,72.0,210.66666666666666,46.56963586807251,2168.7309848848654
0,0,0,0,0,0
3,4,70.0,291.42857142857144,11.388461589813232,251.0582839640771
1,2,51.333333333333336,54.22222222222223,26.69531226158142,712.6396967433393
2,3,65.2,320.96,10.53160846233368,241.03723063175656
4,5,61.111111111111114,208.09876543209876,7.527268826961517,115.98557937638378
21,52,684.1095890410959,434809.5496340777,0.5246400170856051,8.945973848484963
3,3,71.66666666666667,320.55555555555554,9.162222862243652,174.8671193852656
4,1,184.8,4408.960000000001,13.972261349360148,123.51262108253313
0,0,0,0,0,0
6,5,61.81818181818182,305.0578512396694,8.342296123504639,106.4455284014141
1,2,51.333333333333336,54.22222222222223,36.04658603668213,1299.356364899927
16,14,210.13333333333333,103442.64888888891,2.1135385283108414,45.366995547785926
1,2,72.0,210.66666666666666,9.096803665161133,82.03490087762475
2,2,66.5,392.75,1.3176086701844867,4.388160244661828
4,4,53.5,108.75,7.068355300209739,129.1323800711485
18,18,315.6388888888889,320101.06404320983,0.8440440722874233,7.647777839639128
11,12,423.17391304347825,301521.4480151229,3.4795133634047075,212.64683670498624
0,1,86.0,0.0,0,0
0,1,52.0,0.0,0,0
5,2,150.28571428571428,6265.632653061225,8.56617291768392,43.99151232624502
1,2,72.0,210.66666666666666,8.587737083435059,73.376772367061
33,29,92.64516129032258,7983.293444328825,1.423349341408151,32.14942406838498
25,22,80.76595744680851,7740.477138976913,2.0653699791949727,53.3244637926111
1,2,74.66666666666667,256.88888888888886,4.192310571670532,17.575467929340505
1,3,67.5,218.75,25.058178106943767,432.43709868966226
1,2,74.66666666666667,256.88888888888886,18.198235034942627,331.1757583870133
10,9,262.0,146550.94736842104,5.432908005184597,285.5368317653747
5,4,66.66666666666667,264.8888888888889,11.621952652931213,353.6643684890361
6,4,51.2,21.759999999999998,9.32496706644694,341.87204132070855
1,2,60.0,354.6666666666667,9.79994535446167,96.03892895043487
0,1,52.0,0.0,0,0
7,3,131.0,5212.2,9.112389087677002,162.54724799858624
60,15,95.58666666666667,4353.335822222222,0.5978134166763489,4.483750323768957
9,4,118.3076923076923,4531.597633136095,6.715881625811259,145.13666573340677
4,2,47.333333333333336,12.888888888888891,9.193878650665283,72.32462005562274
0,1,86.0,0.0,0,0
64,15,92.83544303797468,3967.150136196121,0.6702774304610032,8.35591281795524
9,4,118.3076923076923,4531.597633136095,7.091687917709351,139.62006652261462
1,2,49.333333333333336,27.555555555555557,23.380082448323567,371.07565712204604
0,1,86.0,0.0,0,0
0,1,52.0,0.0,0,0
0,0,0,0,0,0
1,2,51.333333333333336,54.22222222222222,12.242027521133423,149.86723782818814
15,16,303.35483870967744,209906.29344432877,1.036030610402425,18.030937443337486
2,2,64.5,326.75,7.861032088597615,294.73527832160454
0,0,0,0,4.57864984869957,32.74967095630321
3,3,49.0,41.0,5.544153522042667,37.500794629743474
2,1,59.333333333333336,355.5555555555555,16.65790557861328,121.49293934400305
3,2,95.2,4031.3600000000006,12.505500713984171,334.99715134447655
6,3,115.11111111111111,5391.209876543209,8.036020398139954,198.50310517526106
1,1,47.0,25.0,4.466481804847717,43.36032256473281
4,0,95.0,100.0,3.3527414004007974,22.395402299451288
3,3,71.66666666666667,320.5555555555556,10.36686372756958,359.94415162391397
0,0,0,0,0,0
1,1,47.0,25.0,13.024475574493408,706.319135886709
0,0,0,0,3.910369873046875,54.081792259440675
2,3,56.4,264.64,8.883532285690308,156.56493796531802
1,1,82.0,16.0,0.02045154571533203,0.0
1,1,47.0,25.0,38.95277738571167,1516.5399669639612
2,1,48.0,8.0,9.672608375549316,13.171099366312925
4,2,88.33333333333333,3680.555555555556,16.453238010406494,927.0606113071821
4,1,163.6,4445.44,8.542218208312988,26.538886060896516
0,1,52.0,0.0,0,0
0,1,52.0,0.0,0,0
0,1,52.0,0.0,0,0
2,3,77.6,173.44,16.001868844032288,377.94005179533593
0,0,0,0,0,0
0,1,52.0,0.0,0,0
0,1,52.0,0.0,0,0
1,2,74.66666666666667,256.88888888888886,4.001559019088745,16.01247458325048
1,2,72.0,210.66666666666666,43.52227210998535,1890.8164728151178
0,1,52.0,0.0,0,0
5,1,75.0,4098.333333333333,18.132647037506104,391.4301819752168
4,2,139.0,6418.333333333333,18.42954158782959,277.11233440224305
2,2,64.5,326.75,2.4174116397726126,15.970151285133479
0,0,0,0,0,0
1,2,60.0,354.6666666666667,22.403388619422913,612.3790410499975
2,2,64.5,326.75,3.684084415435791,26.85214918001293
0,1,52.0,0.0,0,0
1,2,60.0,354.6666666666667,2.4056458473205566,5.738311470486224
1,1,82.0,16.0,0.018532276153564453,0.0
3,1,71.0,638.5,26.990285714467365,1456.9510458971624
3,2,74.0,546.8,20.44518291950226,433.0352825239895
1,2,72.0,210.66666666666666,15.528843402862549,240.20105944987904
4,2,76.0,4045.3333333333335,12.95103120803833,97.91947186486459
4,1,157.2,5704.96,17.43190050125122,351.3969626851434
2,2,64.5,326.75,2.2788894176483154,13.242384875421246
0,1,52.0,0.0,0,0
1,2,60.0,354.6666666666667,1.5974438190460205,2.551826755008335
1,2,72.0,210.66666666666666,39.06393766403198,1523.7549265728433
0,0,0,0,0,0
1,2,74.66666666666667,256.88888888888886,3.6053216457366943,12.998344169217546
1,1,82.0,16.0,3.4742455048994585,67.67193819931077
0,1,52.0,0.0,0,0
0,1,86.0,0.0,0,0
35,74,765.2201834862385,466475.5111522599,0.857550545975014,26.455196591357964
56,211,1052.4157303370787,482133.7260446912,0.3476998949409428,16.135935325498426
9,3,101.83333333333333,4768.305555555556,8.567568172108043,128.30074758455004
7,2,52.22222222222222,13.728395061728394,9.030055403709412,274.94782809713706
0,1,60.0,0.0,0,0
3,3,71.66666666666667,320.55555555555554,9.506941795349121,159.17943572332342
0,1,60.0,0.0,0,0
4,4,63.0,293.0,6.7050177710396905,87.85332210481799
0,1,60.0,0.0,0,0
3,3,71.66666666666667,320.5555555555556,9.956733226776123,364.94151889135674
17,18,278.22857142857146,210112.91918367348,2.7335265103508446,139.0709212262121
0,1,86.0,0.0,0,0
1,2,60.0,354.6666666666667,9.600741863250732,92.17424432477515
2,1,127.33333333333333,4120.88888888889,25.412579774856567,644.2351628569568
10,6,90.375,3955.609375,6.2669094403584795,51.64029980079224
0,0,0,0,0,0
1,2,60.0,354.6666666666667,18.397656679153442,338.47377128399927
5,1,90.66666666666667,109.55555555555556,2.085531711578369,16.03237623467203
1,2,60.0,354.6666666666667,22.78165340423584,519.0037318307304
0,1,52.0,0.0,1.8336213111877442,8.069048811941737
2,2,84.0,12.0,8.898682859208849,161.32409852276555
0,1,52.0,0.0,0,0
0,1,86.0,0.0,0,0
0,1,52.0,0.0,0.39140939712524414,0.15320131615794708
2,2,84.0,12.0,15.170618693033854,458.98746260120464
14,11,241.2,119313.76,2.9204766949017844,87.98562874539304
5,2,132.0,5745.142857142857,15.663121938705444,346.87579801620956
3,2,54.4,259.84,22.422120571136475,603.3913052580402
2,3,62.0,286.4,24.501296877861023,662.313501801081
2,3,65.2,320.96,19.295284152030945,601.18631273542
1,2,51.333333333333336,54.22222222222222,37.24719166755676,1387.3532871197099
2,3,65.2,320.96,11.966703732808432,200.4994727066553
4,4,59.0,194.0,12.418475491659981,284.29772773392125
1,2,74.66666666666667,256.88888888888886,17.39761710166931,302.6770808162965
1,1,47.0,25.0,8.753936886787415,138.07030799064782
3,3,71.66666666666667,320.55555555555554,9.45007848739624,293.42995998220977
1,2,60.0,354.6666666666667,8.193686604499817,101.59296419340043
2,1,104.0,6514.666666666667,5.688453018665314,51.73864246521936
4,2,146.33333333333334,5264.555555555556,14.83383560180664,120.55002607144525
4,3,57.42857142857143,256.8163265306123,6.249672571818034,64.41813501823061
2,2,67.5,346.75,12.16218376159668,197.99379898829238
1,2,74.66666666666667,256.88888888888886,0.6011199951171875,0.3505436186571842
1,2,72.0,210.66666666666666,26.173038482666016,683.2595077010012
1,2,74.66666666666667,256.88888888888886,19.80168581008911,392.10676092148447
1,2,60.0,354.6666666666667,27.65360673268636,689.4509613872301
1,2,72.0,210.66666666666666,15.683082342147827,245.00845615538225
1,2,74.66666666666667,256.88888888888886,9.202799797058105,84.52739587519318
5,2,80.0,509.14285714285717,12.280977567036947,232.7205924311891
1,2,72.0,210.66666666666666,6.387200057506561,98.203144649053
3,2,96.8,3986.56,9.430952469507853,174.97284037734823
3,1,176.5,5166.75,16.717569828033447,89.6132578091662
4,4,66.0,339.0,9.476261479513985,146.5460736887563
17,12,211.27586206896552,107333.23424494648,1.813684616770063,27.78261435541183
16,17,293.1818181818182,167082.81542699726,1.3502400368452072,50.2599576840912
3,3,71.66666666666667,320.55555555555554,7.068987607955933,70.7097282687642
2,2,66.5,392.75,11.73490047454834,373.5363312019018
0,0,0,0,0,0
17,18,286.37142857142857,208042.69061224489,2.1803081035614014,44.17588210252135
0,1,52.0,0.0,15.864757299423218,251.3682867396497
1,2,77.33333333333333,150.22222222222223,9.959369897842407,99.18904876204948
1,2,74.66666666666667,256.88888888888886,2.9883134365081787,8.93001719481532
3,2,96.8,3903.3599999999997,21.56765043735504,795.7957785904636
4,2,146.33333333333334,5264.555555555556,7.76215124130249,40.02194420777505
1,2,62.666666666666664,326.22222222222223,25.696051120758057,660.2870432006114
5,5,56.6,192.84,9.431534343295628,228.86162564924183
4,3,58.57142857142857,311.6734693877552,13.28322927157084,130.13208128699682
0,0,0,0,0,0
3,3,71.66666666666667,320.55555555555554,9.862449645996094,158.9442453739307
0,0,0,0,0,0
1,2,74.66666666666667,256.88888888888886,4.0042078495025635,15.963893302775034
0,0,0,0,0,0
3,3,71.66666666666667,320.5555555555556,10.19153881072998,360.52854667506017
0,1,52.0,0.0,0,0
2,1,130.0,3872.0,44.35309410095215,1966.3054069519603
6,5,90.72727272727273,3779.1074380165287,7.675574541091919,180.6077097343746
1,1,82.0,16.0,0.03758430480957031,0.0
3,3,60.666666666666664,332.8888888888889,8.294909000396729,183.09392222790166
5,0,73.4,553.84,10.037465691566467,50.52635071164211
1,2,60.0,354.6666666666667,23.008978366851807,529.0156613555382
1,2,72.0,210.66666666666666,27.826663653055828,1524.6326273773332
0,1,86.0,0.0,0,0
0,1,52.0,0.0,0,0
10,13,346.0,241981.91304347827,2.6592824675820093,107.38257501826625
2,1,91.0,3888.6666666666665,25.596052408218384,655.1578988842621
16,17,329.24242424242425,227703.51698806247,1.0279982537031174,13.033435876996162
3,2,123.2,6204.16,22.304282784461975,1080.1818586917148
116,172,607.7083333333334,416085.70659722225,0.31728276807672057,6.004443482898916
45,101,785.5890410958904,467154.8037155189,0.688644787360882,20.857018158726287
5,7,148.25,89903.02083333333,7.85654371434992,280.1798884688239
2,3,55.6,245.44,11.722677946090698,232.64210073097752
18,16,290.5,213376.7794117647,2.6073542508212,162.76620551876388
1,2,74.66666666666667,256.88888888888886,9.211688041687012,84.8551965773595
2,2,49.0,57.0,10.52658200263977,149.17699478795564
4,4,66.5,340.75,7.738521364000109,197.72741048091177
1,2,51.333333333333336,54.22222222222223,4.5213401317596436,22.829105962323126
109,612,1116.8529819694868,388285.2127823699,0.11891385581758288,2.249115942171271
143,410,928.8462929475588,454375.12103960314,0.09914083325344583,1.3687619800393467
20,14,69.5,1538.3088235294117,1.6301087177161016,28.267903402542963
8,5,79.46153846153847,3586.248520710059,6.518345062549297,140.23723030498263
3,4,60.0,304.0,8.653085947036743,166.36425542997932
1,2,51.333333333333336,54.22222222222222,6.632178425788879,101.08007127962927
13,14,370.0740740740741,272867.550068587,2.440995829445975,30.87931158911395
4,1,46.4,10.24,6.221092939376831,25.09172284337211
2,3,63.6,347.84000000000003,20.40160596370697,462.1977365140605
0,1,52.0,0.0,0,0
3,3,71.66666666666667,320.55555555555554,6.242019732793172,90.79651651857604
3,3,54.666666666666664,150.22222222222223,5.531247343335833,40.975414369283804
7,4,67.0,471.6363636363636,5.537203788757324,39.541264153994234
2,3,49.6,47.04,20.400543808937073,537.194704886512
6,4,96.8,3944.96,6.706740205938166,64.93561954754144
3,2,118.0,6699.2,10.500732064247131,44.88137500234863
2,3,56.4,264.64,3.797364830970764,36.17358107969828
4,4,51.25,33.9375,11.658751964569092,232.26500265559156
4,4,65.5,360.75,10.009125982012067,141.57645496626355
3,2,47.6,15.040000000000001,10.966163873672485,206.61269071086247
2,2,56.5,302.75,10.182074705759684,95.56872827019004
0,1,52.0,0.0,0,0
3,3,71.66666666666667,320.55555555555554,8.998939990997314,178.54160787618412
66,15,96.28395061728395,4177.536655997561,0.7409538626670837,6.124662213310439
5,4,88.0,2326.222222222222,10.721761584281921,198.1575229674572
0,1,52.0,0.0,0,0
2,2,66.5,392.75,5.170712735917833,53.88598403128204
0,1,52.0,0.0,0,0
2,2,84.0,12.0,16.463104089101154,540.845212969287
70,16,95.44186046511628,4219.688480259598,1.0826717825496899,12.806656843858883
4,3,78.57142857142857,3373.3877551020414,7.538756457242099,98.58930683465265
4,4,66.0,339.0,8.419672761644636,138.03176670962904
38,51,418.3370786516854,340915.07738921855,0.6716409596529874,11.194046869071517
14,17,372.0967741935484,240829.18418314258,2.599802166223526,124.85729768287929
1,1,82.0,16.0,0.02546548843383789,0.0
0,1,52.0,0.0,2.3107337951660156,5.339490672122338
1,2,60.0,354.6666666666667,5.795350074768066,33.58608248911423
6,6,60.25,157.85416666666666,6.297625411640514,94.4585018606614
1,2,51.333333333333336,54.22222222222222,28.29695224761963,800.7175065040656
4,4,78.0,42.0,5.42132705450058,141.12253932803458
1,1,47.0,25.0,3.6846976096813497,122.71613254654662
7,4,105.63636363636364,4894.9586776859505,3.0301767190297446,22.071324408154727
9,4,83.0,1935.3846153846155,5.2872322499752045,41.90359116675741
0,1,52.0,0.0,0,0
2,2,67.5,346.75,14.944934248924255,93.07622552724517
4,5,56.888888888888886,200.09876543209876,6.711402177810669,77.35757511722618
0,1,52.0,0.0,0,0
3,3,71.66666666666667,320.55555555555554,9.263514518737793,135.34712626391774
0,1,52.0,0.0,0,0
0,0,0,0,0,0
3,3,71.66666666666667,320.5555555555556,10.03923749923706,315.6437685191454
69,102,673.2923976608187,974124.5577784616,0.2661176849814022,1.878847389200273
1,1,70.0,256.0,62.86804914474487,0.0
7,3,106.0,5554.4,3.3071346282958984,41.55715720306762
1,1,135.0,6889.0,3.7323816299438475,87.51373121190807
3,3,73.0,277.0,11.812383651733398,356.9106921860098
1,2,48.666666666666664,22.222222222222225,5.5610716342926025,30.925517721733797
6,2,48.5,34.75,9.282285145350865,200.28165450235036
4,4,66.5,340.75,6.915882655552456,109.9890144332024
0,1,52.0,0.0,0,0
1,2,62.666666666666664,326.22222222222223,24.384604692459106,594.6089460074986
1,2,72.0,210.66666666666666,5.984638929367065,35.16255954116474
0,1,60.0,0.0,0,0
7,7,61.857142857142854,273.97959183673464,6.466310024261475,87.00399269898054
0,1,52.0,0.0,0,0
3,0,218.0,0.0,10.133429765701294,3.65288599368796e-07
4,3,92.57142857142857,2896.8163265306125,8.977488279342651,153.03081294005233
0,1,60.0,0.0,0,0
2,3,56.4,264.64,15.396703481674194,263.64331113890523
5,3,56.0,239.0,10.702614443642753,147.58486051066555
0,1,60.0,0.0,0,0
4,4,66.5,340.75,6.60001243863787,90.52640201272594
2,1,59.666666666666664,337.5555555555556,0.20408868789672852,0.037828197770295446
3,2,75.6,486.64000000000004,19.401044249534607,376.54099474965324
12,15,349.3703703703704,234228.60356652955,1.0013808595373275,4.898221485524888
1,1,157.5,5852.25,0.30200719833374023,0.13532765142751182
3,3,71.66666666666667,320.5555555555556,13.393604278564453,349.91110984171974
27,24,314.70588235294116,198934.05074971166,0.8155488491058349,3.3329043797456257
1,0,218.0,0.0,98.54257106781006,0.0
4,4,66.5,340.75,2.072921640732709,15.268858943043703
0,1,60.0,0.0,6.568264961242676,43.14210460108825
4,4,58.25,287.4375,9.992594718933105,121.72467878276133
5,3,56.5,250.75,8.737758874893188,152.55244432006978
1,2,51.333333333333336,54.22222222222223,11.121174693107605,168.06855329476596
6,5,94.18181818181819,6114.512396694216,7.81215238571167,135.4801693880379
11,12,324.1304347826087,185271.9395085066,4.3082160535066025,151.49790587866525
156,240,760.0580808080808,1316648.3779397511,0.12470583372478243,0.2556515461795461
53,69,783.6065573770492,2787605.2714324114,0.589392888741415,5.156335978149818
16,3,197.0,132969.26315789475,1.3707843091752794,27.38400165991073
5,3,130.25,4728.4375,7.665552752358573,116.26268226188462
1,1,139.0,6241.0,47.717833518981934,0.0
8,7,98.2,6896.426666666668,6.557525226048061,190.258677134857
0,1,52.0,0.0,0,0
3,3,71.66666666666667,320.5555555555556,11.884082317352295,354.3864011043129
5,3,48.25,32.4375,11.96556670325143,118.25052161745207
23,17,248.625,190229.184375,1.6816831857730181,20.20345698638673
3,3,50.666666666666664,43.555555555555564,5.326165199279785,45.438747524891824
6,4,64.6,267.23999999999995,2.939250724656241,44.64408968837467
2,2,47.0,25.0,4.514979839324951,33.9388406573031
3,3,63.666666666666664,147.22222222222223,8.954890072345734,432.1251027345773
0,1,52.0,0.0,0,0
7,3,130.2,5331.5599999999995,7.473105517300692,161.23057595758843
0,0,0,0,0,0
4,1,73.8,542.16,4.657734632492065,21.98531015517773
0,1,52.0,0.0,0,0
3,3,71.66666666666667,320.55555555555554,9.481681823730469,175.06287587289899
1,2,48.666666666666664,22.222222222222225,15.157428979873657,229.74765327991378
3,1,47.5,6.75,11.836636066436768,168.3992738420026
0,1,52.0,0.0,0,0
3,3,71.66666666666667,320.5555555555556,12.285740772883097,298.84077333706585
13,11,242.45833333333334,123862.24826388889,1.2964923485465671,31.694361411089584
0,1,52.0,0.0,0,0
1,2,60.0,354.6666666666667,8.334817886352539,83.41245860781754
6,2,141.25,6053.9375,10.91816716723972,173.5052197382222
15,12,220.92592592592592,113913.6241426612,2.0768161722131677,28.766497368949913
15,15,328.6,246781.97333333336,1.5172923764874857,24.24422918832843
1,2,60.0,354.6666666666667,23.29401731491089,542.6112426673683
2,2,64.5,326.75,0.1588145891825358,0.04174864680079635
0,1,52.0,0.0,0,0
5,3,48.25,32.4375,11.963071141924177,259.9962536610661
2,3,56.4,264.64,17.45240569114685,333.5586945658789
20,24,549.8181818181819,764490.0123966943,2.173197713009147,59.969998255293675
24,27,372.1764705882353,480556.8904267589,1.82749342918396,109.87673657411013
2,2,50.5,24.75,0.6990663210550944,0.5300649943453412
16,13,214.20689655172413,106516.02615933413,2.2377921853746687,75.98027510664085
7,2,155.55555555555554,6039.135802469135,3.7709710001945496,16.41348993070641
1,2,48.666666666666664,22.222222222222225,12.751436233520508,161.5828668946051
3,3,71.66666666666667,320.55555555555554,9.453310489654541,266.28318466886276
1,2,51.333333333333336,54.22222222222223,5.5960822105407715,31.316136107130887
1,2,51.333333333333336,54.22222222222223,9.66209888458252,93.2058348473447
2,3,56.4,264.64,12.402088046073914,156.8417547459841
4,4,57.25,238.9375,8.78270421709333,130.20847839521403
3,2,49.2,39.36,5.428034961223602,25.042870478545517
5,2,76.28571428571429,547.3469387755101,8.584351539611816,86.93870517520092
6,7,61.53846153846154,249.32544378698225,6.613841397421701,153.478912047233
78,108,554.0537634408602,415559.7928084172,0.27803190334423167,3.4384936645746897
1,2,51.333333333333336,54.22222222222222,8.45125675201416,71.42374068846493
8,4,117.0,5327.666666666667,4.58900971846147,26.704880042414086
0,1,52.0,0.0,0,0
0,1,52.0,0.0,0,0
2,2,66.5,392.75,9.209687113761902,145.2803700030852
14,13,275.44444444444446,176757.50617283955,1.532279528104342,24.7811910476637
0,1,52.0,0.0,0,0
1,2,48.666666666666664,22.222222222222225,9.327298402786255,173.81084463844812
5,4,64.22222222222223,323.0617283950617,8.961349725723267,98.89317008690313
0,1,52.0,0.0,0,0
0,1,52.0,0.0,0,0
3,3,71.66666666666667,320.5555555555556,10.310905456542969,315.0919021394143
1,1,47.0,25.0,6.682004531224568,95.5347066406478
6,2,132.5,7322.75,9.726321697235107,120.64208769781746
1,2,74.66666666666667,256.88888888888886,0.9976792335510254,0.9953638530589615
1,2,72.0,210.66666666666666,19.763376712799072,389.4739944314608
0,1,52.0,0.0,19.060879945755005,363.3171443064853
3,3,71.66666666666667,320.55555555555554,9.6511869430542,313.79199591065435
0,1,52.0,0.0,0,0
2,3,63.6,347.84000000000003,21.297300457954407,1183.5764123950876
2,3,62.8,256.96,10.17975628376007,100.10448595587425
2,1,48.0,8.0,25.492111444473267,20.050565901102857
3,3,71.66666666666667,320.55555555555554,9.921151161193848,293.0953911270276
4,4,59.5,168.75,6.443216119493757,106.80660693654792
1,2,60.0,354.6666666666667,19.59389626979828,909.2033337364637
7,3,122.4,6269.4400000000005,10.535992516411675,179.87607784430253
0,1,52.0,0.0,0,0
7,3,81.0,363.0,5.078749391767714,105.92204157221083
0,1,52.0,0.0,0,0
0,1,52.0,0.0,0,0
3,4,68.85714285714286,322.1224489795918,13.485488551003593,193.47683866377474
10,13,382.7826086956522,260906.86578449904,0.43647040020335803,3.6011948118731922
1,2,74.66666666666667,256.88888888888886,5.206427574157715,27.106888084949787
5,3,56.0,239.0,11.422316006251744,186.42051778182977
0,1,52.0,0.0,0,0
3,4,70.0,291.42857142857144,12.572477658589682,287.2863763448959
0,1,60.0,0.0,0,0
9,5,105.71428571428571,5221.061224489796,4.581519457010122,62.74015351704468
2,3,62.0,286.4,7.163772821426392,105.98029450308722
43,73,610.3448275862069,829591.0362663496,0.6555110165196606,12.183306262319244
3,3,71.66666666666667,320.55555555555554,9.729047775268555,180.9843953378313
0,1,52.0,0.0,0,0
0,1,86.0,0.0,25.757808685302734,663.464708268657
2,3,63.6,264.64,11.878169775009155,247.09588326717977
0,1,52.0,0.0,0,0
5,4,64.66666666666667,326.2222222222223,5.820433795452118,42.91543939479174
2,2,50.0,46.0,18.04158290227254,302.05428630830255
0,1,52.0,0.0,0,0
2,3,79.2,101.75999999999999,14.552743434906006,399.39822856544254
6,2,133.5,7168.75,9.394780227116176,132.9425966231024
10,11,460.42857142857144,317690.91156462574,2.2111198035153476,39.69632511904618
3,3,67.33333333333333,184.88888888888889,4.5985822677612305,83.60474071107865
0,1,52.0,0.0,0,0
4,4,66.5,340.75,6.782905374254499,102.17717224862575
0,1,60.0,0.0,0,0
1,2,51.333333333333336,54.22222222222223,25.55764079093933,653.1930027986859
3,4,70.0,291.42857142857144,9.8359481493632,320.238200021111
4,0,95.0,100.0,3.3479038874308267,22.416920878948886
6,4,55.8,253.96000000000004,8.73970005247328,223.21401819091614
2,3,63.6,264.64,11.513783931732178,281.8184941213133
0,0,0,0,0,0
9,3,115.5,5451.416666666667,7.314459844069048,80.29531658275077
1,3,56.0,178.0,17.16681957244873,274.3222544097421
0,0,0,0,0,0
3,3,71.66666666666667,320.5555555555556,9.404924392700195,324.12466157173503
0,0,0,0,0,0
1,2,60.0,354.6666666666667,35.5089807510376,1260.8877139775586
1,1,82.0,16.0,0.03903388977050781,0.0
0,1,52.0,0.0,0,0
0,1,86.0,0.0,0,0
3,3,59.333333333333336,274.22222222222223,11.021023273468018,245.2107888746932
2,0,46.0,0.0,13.370937506357828,244.44166383990986
3,3,71.66666666666667,320.5555555555556,11.21024227142334,323.10149205253447
4,0,218.0,0.0,10.109487374623617,0.0024547252160623937
19,4,97.30434782608695,7240.298676748583,3.56264742937955,112.51466872616464
15,16,302.96774193548384,210102.74089490113,0.5656551520029703,2.2768762333989354
0,1,52.0,0.0,0,0
2,2,84.0,12.0,15.154649416605631,458.25221920920035
0,1,52.0,0.0,0,0
2,2,84.0,12.0,15.818246205647787,499.5207314771139
0,1,52.0,0.0,0,0
0,1,86.0,0.0,0,0
4,4,68.25,177.4375,12.887278284345355,668.0111071465647
4,2,47.333333333333336,12.888888888888891,15.738566398620605,201.04158504433917
3,3,71.66666666666667,320.55555555555554,6.727954864501953,66.21089523975888
4,0,218.0,0.0,4.328558785574777,18.98657986546113
3,3,71.66666666666667,320.5555555555556,6.988792636177757,121.57152521000344
4,0,95.0,100.0,3.3856948216756186,22.845490037863982
1,2,60.0,354.6666666666667,25.996129512786865,675.7987496455883
1,1,82.0,16.0,0.020422935485839844,0.0
1,2,60.0,354.6666666666667,40.40502190589905,1631.8564754849162
1,1,82.0,16.0,0.029494762420654297,0.0
0,1,52.0,0.0,0,0
2,2,84.0,12.0,16.44861141840617,539.5054377704064
0,1,52.0,0.0,0,0
4,3,68.57142857142857,327.6734693877551,7.738006114959717,108.26601086123826
2,1,46.666666666666664,16.88888888888889,0.3142738342285156,0.09321085437932197
6,2,142.25,5934.4375,10.649310520717076,208.69668816858365
1,2,72.0,210.66666666666666,5.461002588272095,29.503038451004215
1,2,60.0,354.6666666666667,27.797611951828003,772.707230224411
1,2,72.0,210.66666666666666,6.080743074417114,36.732392986529305
0,1,52.0,0.0,0,0
2,3,77.6,173.44,13.996624946594238,383.174934458836
11,7,270.72222222222223,153182.97839506174,0.1594676690943101,0.07447792147563019
0,1,86.0,0.0,0,0
1,2,72.0,210.66666666666666,2.508258819580078,6.130804216815022
1,1,47.0,25.0,24.665234088897705,608.0869483645301
3,4,70.0,291.42857142857144,11.238622665405273,135.31198158024722
5,3,48.25,32.4375,11.807637810707092,87.0996599433308
7,3,124.0,6096.0,5.409066041310628,73.74801295170336
2,3,63.6,264.64,15.359914302825928,440.25706277576546
0,1,52.0,0.0,0,0
3,4,70.0,291.42857142857144,10.065285762151083,266.2473786148011
0,1,60.0,0.0,0,0
3,3,61.333333333333336,342.22222222222223,7.408241033554077,195.61884272981206
2,3,63.6,264.64,10.048741896947226,198.708294757378
0,2,53.0,1.0,7.508296966552734,0.0
1,2,60.0,354.6666666666667,5.805189609527588,33.70022640256707
5,2,85.14285714285714,276.97959183673464,10.23829976717631,344.7935974544927
0,1,52.0,0.0,0,0
4,4,66.5,316.75,9.36938660485404,94.65367936217335
5,0,183.6,4733.4400000000005,18.050087690353394,189.07750248037723
1,2,60.0,354.6666666666667,41.80681586265564,1747.0805054443317
2,2,64.5,326.75,6.244467099507649,77.3996680559675
0,1,52.0,0.0,0,0
3,3,71.66666666666667,320.55555555555554,9.20055866241455,130.4041948905774
0,0,0,0,0,0
14,11,230.48,121832.8896,3.1786324237955026,84.43317425302709
13,12,319.44,170426.08639999997,3.3147336755480086,63.32985338868132
0,1,52.0,0.0,0,0
0,1,86.0,0.0,0,0
2,2,64.5,326.75,11.02483332157135,253.2375016387771
1,2,51.333333333333336,54.22222222222223,10.765390396118164,115.70351823098122
9,3,116.5,5379.416666666667,7.387097875277202,41.49977398242721
15,16,102.29032258064517,11904.012486992713,2.945300738016764,221.60293792995807
3,4,60.857142857142854,238.69387755102042,9.19746478398641,152.5681344726245
1,2,72.0,210.66666666666666,18.853917121887207,354.4960465317729
0,1,86.0,0.0,0,0
3,3,50.666666666666664,43.55555555555555,15.41895866394043,678.2194306757468
16,18,285.79411764705884,214290.81055363326,1.8024588993617467,21.33812507969909
3,4,61.714285714285715,169.6326530612245,15.048078298568726,817.4343926462328
1,2,60.0,354.6666666666667,2.9785501956939697,8.656910901835602
3,3,63.666666666666664,147.2222222222222,11.166695594787598,494.6917033979629
3,4,68.85714285714286,322.1224489795918,8.39855432510376,127.50997276346727
0,0,0,0,0,0
19,11,125.56666666666666,11434.712222222226,3.076875292021653,23.018272271200583
1,2,60.0,354.6666666666667,18.000056743621826,324.0020427736056
1,2,72.0,210.66666666666666,28.17780613899231,791.6898747995574
5,2,87.42857142857143,197.9591836734694,11.401081879933676,235.04765447172463
1,2,51.333333333333336,54.22222222222223,6.991805732250214,96.56795440537059
2,3,65.2,320.9599999999999,8.529806137084961,72.72809056167944
6,4,58.2,157.16,8.893387052747938,280.58602957156404
1,2,60.0,354.6666666666667,13.205863237380981,174.3948238444105
0,1,52.0,0.0,0,0
2,3,77.6,173.44,17.397905588150024,381.63532942866277
0,0,0,0,10.040801167488098,151.05311661012982
1,2,74.66666666666667,256.88888888888886,19.398529529571533,412.2433972589344
21,17,280.6578947368421,146290.06717451525,1.190876445254764,10.679503424894373
5,2,56.57142857142857,270.53061224489795,3.3160126209259033,29.422662543954914
1,2,77.33333333333333,150.22222222222223,11.753274202346802,138.13945447555085
15,11,223.69230769230768,118298.82840236688,2.217337417602539,108.57888562000355
3,3,71.66666666666667,320.55555555555554,9.534052848815918,136.35463235859925
0,0,0,0,0,0
1,2,74.66666666666667,256.88888888888886,6.810762882232666,46.24484051973923
0,1,60.0,0.0,0,0
1,2,51.333333333333336,54.22222222222223,9.911328852176666,213.2303383357736
2,3,56.4,264.64,1.994752287864685,4.393125387992924
1,1,82.0,16.0,7.227292401450021,106.6076542725494
1,2,51.333333333333336,54.22222222222223,17.207517623901367,296.09866277687615
4,0,218.0,0.0,10.104901790618896,0.0009425886711748414
4,4,58.75,272.9375,9.145104544503349,59.04711027167427
118,256,721.9598930481284,436302.70694758213,0.2046402401962485,8.614712111721735
19,13,57.0,70.0,3.142076769182759,146.90237683292744
0,2,53.0,1.0,49.709177017211914,0.0
2,2,84.0,12.0,15.816818873087565,499.1313017746975
1,2,51.333333333333336,54.22222222222223,25.70547103881836,660.7712413275294
0,0,0,0,0,0
2,3,65.2,320.96,20.256643295288086,985.0655410009294
6,3,77.55555555555556,434.91358024691357,7.45339959859848,136.1243694977644
0,0,0,0,0,0
1,2,51.333333333333336,54.22222222222223,8.90578955411911,120.0516474174413
6,2,151.0,4495.0,6.842669418879917,39.112242664886274
3,4,55.142857142857146,102.69387755102044,11.650252739588419,299.32645207337305
4,2,47.333333333333336,12.888888888888891,16.55478525161743,393.55537151277167
0,0,0,0,0,0
2,2,84.0,12.0,16.01353883743286,511.84783652979985
0,1,52.0,0.0,0,0
0,1,60.0,0.0,0,0
2,2,66.5,392.75,20.112774968147278,884.5483810779097
1,1,82.0,16.0,7.523171305656433,154.74735157236913
0,1,52.0,0.0,13.69927167892456,0.0
0,1,60.0,0.0,0,0
3,3,71.66666666666667,320.5555555555556,14.333897113800049,371.06414585969424
4,0,218.0,0.0,10.120095411936441,0.00024055047384131793
0,1,52.0,0.0,0,0
3,1,47.5,6.75,16.17942174275716,106.76457391804712
3,3,71.66666666666667,320.55555555555554,9.7218017578125,141.6559117792699
0,0,0,0,0,0
1,2,60.0,354.6666666666667,27.597229480743408,761.1491972725673
1,1,82.0,16.0,0.028815269470214844,0.0
0,1,52.0,0.0,0,0
0,1,86.0,0.0,0,0
4,4,68.25,177.4375,8.64518506186349,191.65125725817046
1,1,47.0,25.0,0.03851890563964844,0.0
2,2,66.5,392.75,3.548338015874227,18.169244497792487
5,1,172.66666666666666,4115.555555555556,9.994334833962577,104.15405025331735
0,1,52.0,0.0,0,0
1,2,74.66666666666667,256.88888888888886,19.750125408172607,389.73065904358464
8,2,73.4,515.64,7.719747490353054,61.48368060335944
33,100,1026.1954887218046,388028.80388942285,0.04977372559634122,0.00830773638003432
3,3,71.66666666666667,320.55555555555554,6.750565469264984,143.8160904354887
8,11,400.2631578947368,275723.6675900276,1.9069874286651611,69.13581438119107
0,1,52.0,0.0,0,0
2,2,84.0,12.0,15.107184251149496,455.0611736768031
0,1,52.0,0.0,14.061392943064371,295.8117322677494
0,1,60.0,0.0,0,0
3,4,70.0,291.42857142857144,14.132773081461588,403.7082304952107
6,2,139.0,6295.0,4.335151059286935,18.444159919341264
2,3,54.8,263.36,24.39427375793457,1726.080829704469
1,1,82.0,16.0,0.0360870361328125,0.0
1,2,50.0,8.0,28.047149181365967,420.8476506688896
2,1,59.333333333333336,355.5555555555555,39.52523469924927,381.36263198396136
1,1,82.0,16.0,0.03824472427368164,0.0
0,1,52.0,0.0,0,0
0,1,86.0,0.0,0,0
2,2,64.5,326.75,4.413532018661499,53.278860470966535
0,1,60.0,0.0,0,0
0,1,52.0,0.0,0,0
0,1,86.0,0.0,0,0
6,2,141.25,6053.9375,5.819739011617807,30.929193767392654
7,9,574.1875,361353.52734375,0.4829103151957194,0.47551479268006214
0,1,52.0,0.0,0,0
0,1,52.0,0.0,0,0
6,3,63.111111111111114,360.09876543209873,5.021402154650007,63.63415585134966
0,1,60.0,0.0,31.893227100372314,1014.8554986283273
0,1,52.0,0.0,0,0
0,1,60.0,0.0,0,0
3,3,71.66666666666667,320.5555555555556,12.075260707310267,362.58128344451745
4,1,75.4,482.64,20.81651270389557,930.9400236949965
0,1,52.0,0.0,0,0
0,1,60.0,0.0,0,0
9,4,107.23076923076923,5622.485207100592,7.118544379870097,102.1569572028004
1,1,82.0,16.0,0.01948833465576172,0.0
0,1,52.0,0.0,0,0
0,0,0,0,0,0
5,4,56.888888888888886,270.32098765432096,9.287851572036743,145.32649819961537
1,1,82.0,16.0,0.039446353912353516,0.0
0,1,52.0,0.0,0,0
1,1,47.0,25.0,2.5339856147766113,14.873183747892199
0,0,0,0,45.11367917060852,2035.244048308597
3,3,71.66666666666667,320.55555555555554,9.438170433044434,312.4779262537245
0,1,52.0,0.0,0,0
0,0,0,0,0,0
5,1,161.0,6506.333333333333,12.1178297996521,97.95450562237738
3,3,71.66666666666667,320.55555555555554,9.63409423828125,164.15048772063756
18,2,102.9,8033.090000000001,2.554591705924586,100.11654246780724
52,64,418.5,320674.6637931034,0.6307069115016771,18.69627664117537
1,2,48.666666666666664,22.222222222222225,10.154730081558228,102.90743648761378
16,12,240.46428571428572,151534.3201530612,1.4272532639680084,22.1470332344772
1,2,72.0,210.66666666666666,6.218844652175903,38.29683789298457
1,2,74.66666666666667,256.88888888888886,23.19182515144348,537.8607538551264
22,26,357.3125,623418.46484375,1.886730244819154,36.82350874717914
4,4,68.25,177.4375,8.680175031934466,251.4549845272666
1,2,74.66666666666667,256.88888888888886,7.999246120452881,63.987938495580465
0,0,0,0,0,0
10,6,104.0625,4482.18359375,4.641061941782634,38.94854726561552
2,3,56.4,264.64,21.680599451065063,888.7188322884142
0,0,0,0,0,0
4,3,72.85714285714286,466.97959183673464,11.826550960540771,211.76814530612282
3,4,73.42857142857143,360.53061224489795,9.639039039611816,149.34453781918933
14,11,233.2,120877.83999999997,1.223548948764801,11.752714387940372
3,2,54.4,259.84,15.51662027835846,576.5681018720965
1,2,72.0,210.66666666666666,21.623082160949707,465.87350695313603
0,1,86.0,0.0,0,0
14,11,230.48,121832.8896,0.999620258808136,19.121318452815842
95,131,1181.5796460176991,37902383.11976271,0.3499214702182346,1.443148148976359
1,2,60.0,354.6666666666667,5.404052734375,29.203785955905914
18,11,232.27586206896552,103977.71700356719,1.2496102707726615,8.054675578649592
67,65,264.6818181818182,168373.36845730024,0.28891252197382106,0.7490239646199627
1,2,72.0,210.66666666666666,29.89682912826538,891.803178327342
1,2,74.66666666666667,256.88888888888886,17.801138162612915,316.5737441432398
1,2,60.0,354.6666666666667,17.996662855148315,323.8798739218751
4,4,57.25,238.9375,12.365055084228516,258.8776334933641
5,5,57.6,231.04000000000002,8.564472198486328,64.20977750939174
3,3,48.333333333333336,47.22222222222223,10.777024825414022,203.78309594305392
3,3,50.666666666666664,43.55555555555555,8.083611965179443,98.94683817396435
0,1,52.0,0.0,0,0
17,17,282.5,195868.66176470587,1.4461641600637725,13.608787573045333
0,1,52.0,0.0,0,0
5,1,161.0,6506.333333333333,7.295724815792507,109.00932892744748
69,328,1108.4886649874056,380705.33299494314,0.24453285336494446,8.040759996671602
13,10,67.21739130434783,313.3005671077504,3.0904735724131265,46.21562129764267
0,1,52.0,0.0,20.90782403945923,436.71509394271766
0,1,52.0,0.0,0,0
2,3,77.6,173.44,18.501169681549072,391.21353382471113
2,2,49.0,9.0,11.12356185913086,95.22226677223216
1,1,49.0,9.0,36.630003452301025,0.0
2,2,66.5,392.75,5.451613068580627,91.04533787287997
24,24,314.4791666666667,192762.79123263885,1.2122668611242415,29.22748738881466
15,11,297.7692307692308,190093.63905325445,2.9692428588867186,47.669261178676855
0,1,52.0,0.0,0,0
22,23,581.1111111111111,732375.7432098766,1.682557138529691,32.57389756357731
12,10,347.1818181818182,180891.1487603306,2.9294382958185103,90.2761954414146
0,1,52.0,0.0,0,0
3,3,71.66666666666667,320.5555555555556,14.983387470245361,363.4150948847682
0,1,52.0,0.0,0,0
2,2,53.5,0.75,0.565799872080485,0.30319418739029264
1,2,48.666666666666664,22.222222222222225,38.31388473510742,1465.271385494367
9,6,147.8,36845.22666666668,5.851221936089652,106.45660876092153
1,2,48.666666666666664,22.222222222222225,8.340260982513428,68.90308810403099
0,1,52.0,0.0,0,0
0,1,86.0,0.0,0,0
5,5,59.2,220.16000000000003,7.152742147445679,124.55795987944447
4,1,184.8,4408.960000000001,7.877792716026306,104.29247515464189
0,1,60.0,0.0,0,0
4,4,71.75,240.4375,11.262914793831962,182.4528182814584
12,14,684.5384615384615,2536424.24852071,2.067273213313176,55.333759793211485
0,1,52.0,0.0,0,0
1,1,54.0,0.0,2.7730536460876465,0.0
17,18,281.54285714285714,208664.76244897957,1.5538268229540657,48.93333884007762
3,2,47.6,15.040000000000001,5.5124523639678955,40.581730060326265
2,1,49.333333333333336,59.55555555555555,1.129227876663208,1.2555135007815466
8,7,115.46666666666667,11116.648888888889,4.5303557600293844,181.5518016500687
3,3,71.66666666666667,320.55555555555554,9.749197483062744,303.1205786778637
0,0,0,0,0,0
8,3,136.54545454545453,6582.06611570248,6.08258056640625,79.69310418837699
1,2,48.666666666666664,22.222222222222225,22.715054750442505,513.3247321379727
4,4,68.75,238.9375,11.946593693324498,344.6224853398525
4,3,51.142857142857146,38.693877551020414,8.431648015975952,304.5904325853954
4,1,86.4,375.84000000000003,2.7591586112976074,18.289017900232807
1,2,51.333333333333336,54.22222222222222,33.73376488685608,1137.966893441684
3,3,73.0,277.0,9.6019926071167,230.09752896067903
1,2,48.666666666666664,22.222222222222225,30.755786895751953,945.2764808495203
4,2,48.666666666666664,34.222222222222214,10.154414176940918,28.37253217245916
1,2,62.666666666666664,326.22222222222223,40.14093518257141,1610.6123839957277
3,3,60.0,285.3333333333333,7.026876926422119,110.95364060698193
0,0,0,0,0,0
5,1,161.0,6506.333333333333,9.763760566711426,34.65816664460135
0,1,86.0,0.0,0,0
1,2,72.0,210.66666666666666,2.8711140155792236,8.018922361715397
0,0,0,0,0,0
1,2,51.333333333333336,54.22222222222222,18.387566804885864,338.10261300414055
0,1,86.0,0.0,0,0
1,2,72.0,210.66666666666666,23.02423357963562,528.3612735661463
0,0,0,0,0,0
0,2,52.0,0.0,49.68665361404419,0.0
3,1,56.0,300.0,26.89371903737386,975.3599652979588
1,2,72.0,210.66666666666666,30.738638639450073,942.6876677288888
0,0,0,0,0,0
4,0,218.0,0.0,10.044356981913248,0.0011484200260585768
1,2,60.0,354.6666666666667,41.19285225868225,1696.8510772056234
1,1,82.0,16.0,0.03829479217529297,0.0
0,1,52.0,0.0,0,0
0,0,0,0,0,0
1,2,51.333333333333336,54.22222222222222,13.092750310897827,171.42011070351515
2,2,84.0,12.0,15.970999399820963,508.9328294932115
0,1,52.0,0.0,0,0
1,1,49.0,9.0,13.45019817352295,0.0
2,1,48.0,8.0,18.774226903915405,14.126202918909314
6,2,89.5,86.25,7.11792026247297,136.8354216910728
0,1,52.0,0.0,0,0
4,0,218.0,0.0,10.08350928624471,0.002209620111494183
0,0,0,0,0,0
3,3,71.66666666666667,320.5555555555556,12.424531936645508,331.6724684424448
0,0,0,0,0,0
19,19,340.7631578947368,282535.65443213296,0.4549442755209433,2.9020697999116876
0,0,0,0,0,0
4,4,66.5,340.75,8.147807802472796,198.02409052864132
0,1,52.0,0.0,0,0
1,2,48.666666666666664,22.222222222222225,43.21134090423584,1866.4265772338297
3,2,47.6,15.040000000000001,17.076021432876587,98.38783330814778
4,3,68.0,355.42857142857144,10.872158606847128,141.2418199772132
0,1,52.0,0.0,0,0
5,1,161.0,6506.333333333333,6.196328639984131,22.614066360166817
1,1,47.0,25.0,8.622986475626627,115.62510079334947
3,4,68.85714285714286,322.1224489795918,10.797809958457947,154.95828312109657
0,1,52.0,0.0,0,0
0,1,52.0,0.0,0,0
3,3,71.66666666666667,320.55555555555554,6.847734451293945,109.56276091999209
0,1,52.0,0.0,0,0
0,1,52.0,0.0,0,0
3,3,71.66666666666667,320.5555555555556,13.865889072418213,355.38939515477887
6,5,56.36363636363637,151.14049586776858,8.958621675317938,422.74436417164503
2,2,48.0,18.0,9.224442413875035,133.1474289788224
3,3,71.66666666666667,320.55555555555554,5.0136145523616245,45.74241643570451
5,1,161.0,6506.333333333333,3.648954304781827,14.37559277423968
1,1,47.0,25.0,6.888101100921631,120.28250996235481
3,3,71.66666666666667,320.5555555555556,5.4147980610529585,69.7292697418594
1,2,48.666666666666664,22.222222222222225,22.803838849067688,1352.259502974543
4,1,86.4,375.84000000000003,3.850586414337158,17.713204816271855
3,3,71.66666666666667,320.55555555555554,9.957344055175781,201.40613780978447
9,13,397.8181818181818,267743.05785123963,0.4222901662190755,3.096339744976492
0,1,52.0,0.0,0,0
3,3,71.66666666666667,320.5555555555556,9.841112613677979,348.86581851579285
1,2,48.666666666666664,22.222222222222225,43.193053007125854,1865.6398280763838
1,1,49.0,9.0,68.37466716766357,0.0
6,4,62.4,339.84000000000003,7.772747940487331,241.22757912636942
9,5,100.14285714285714,5630.551020408163,6.235304795778715,48.94255643197184
22,48,658.2285714285714,448042.8334693877,1.2261277005292368,66.76527945475259
3,3,71.66666666666667,320.5555555555556,11.099905014038086,334.6031862993427
0,1,52.0,0.0,0,0
0,1,52.0,0.0,0,0
3,3,71.66666666666667,320.55555555555554,8.231744766235352,129.43013541380233
1,2,51.333333333333336,54.22222222222222,1.1017227172851562,1.2137929457821883
1,2,51.333333333333336,54.22222222222222,2.1515655517578125,4.6292343235109
4,4,66.5,340.75,6.695770536150251,129.28156929775
12,14,401.61538461538464,280104.3905325444,2.616314697265625,60.38189934627094
2,3,55.6,245.44,14.500552415847778,332.9827369451791
4,2,58.333333333333336,293.88888888888886,9.01450252532959,124.28504890198064
6,2,133.5,7168.75,6.126312187739781,22.46609034404897
11,13,409.2916666666667,296117.5399305555,1.9436624775762144,30.660271939844076
1,2,72.0,210.66666666666666,14.108710289001465,198.1906095409215
0,1,52.0,0.0,10.534989833831787,110.77191319237158
5,5,67.0,268.2,5.156696902381049,71.91238690796695
2,2,47.0,25.0,4.410502314567566,30.03947903209685
1,2,51.333333333333336,54.22222222222222,8.83771022160848,84.5234442352661
2,3,65.2,320.96,9.198930263519287,198.5455518392058
1,2,51.333333333333336,54.22222222222222,17.73914933204651,314.6774190246461
14,12,224.6153846153846,117867.69822485208,2.8802746772766112,72.05789185283913
6,3,70.55555555555556,442.6913580246913,8.03819328546524,73.03302436427535
1,2,50.0,8.0,20.85201859474182,5.629897514155857
14,3,93.76470588235294,4892.650519031142,4.683284014463425,15.606203945755736
1,1,53.0,1.0,46.96150302886963,0.0
5,4,65.11111111111111,341.43209876543204,8.352808952331543,118.05754536637778
4,4,66.5,340.75,10.405548640659877,148.91521988572688
0,1,60.0,0.0,0,0
2,2,50.5,24.75,11.624613602956137,261.4804131984265
2,3,63.6,347.84000000000003,18.294087052345276,755.7336920376837
0,0,0,0,0,0
0,1,52.0,0.0,0,0
2,2,84.0,12.0,15.236435731252035,463.06089597947874
0,1,52.0,0.0,0,0
2,3,55.6,245.44,4.397892951965332,26.71166627775108
6,0,160.66666666666666,6574.222222222222,6.147580623626709,13.303399556678869
1,1,47.0,25.0,38.292258977890015,1466.2970976297984
32,13,177.0,74667.28888888888,1.7905219034715132,52.8006561683334
1,1,82.0,16.0,0.04021167755126953,0.0
0,1,52.0,0.0,0,0
1,2,74.66666666666667,256.88888888888886,31.199259757995605,973.393809446884
0,0,0,0,0,0
2,3,56.4,264.64,17.200582027435303,436.69162945760434
2,2,66.5,288.75,10.644314686457315,196.77820500805947
4,4,60.5,160.75,7.385372320810954,167.60176769364153
2,3,54.8,263.36,9.07025376955668,216.31437240886166
0,1,60.0,0.0,0,0
8,3,110.18181818181819,6665.785123966943,6.827506224314372,40.803506586615235
4,3,68.0,355.42857142857144,13.32992951075236,245.84514331862442
1,2,52.0,56.0,2.0226263999938965,4.050888676374598
0,1,52.0,0.0,0,0
3,2,70.2,368.96000000000004,22.55816102027893,1062.430561653754
2,0,95.0,100.0,0.0,0.0
22,33,508.1272727272727,441440.83834710746,1.1058735405957256,26.989049321424567
1,2,72.0,210.66666666666666,36.04896903038025,1296.6518973710904
0,0,0,0,0,0
1,2,74.66666666666667,256.88888888888886,3.992609977722168,15.94093443420661
0,1,60.0,0.0,0,0
1,2,51.333333333333336,54.22222222222223,10.014454126358032,100.28929144892942
10,7,100.17647058823529,4486.851211072665,3.6701372265815735,18.545228274922373
7,3,48.8,21.759999999999998,6.659195158216688,82.02340147790315
1,2,60.0,354.6666666666667,34.414318799972534,1184.345338466143
0,1,52.0,0.0,0,0
0,1,52.0,0.0,0,0
13,11,239.20833333333334,125105.24826388889,1.390786067299221,17.63753370064996
19,19,302.3157894736842,202389.7950138504,1.6073866792627283,29.929377839209337
0,1,52.0,0.0,0,0
1,2,51.333333333333336,54.22222222222223,0.21579265594482422,0.04656647035972128
2,2,66.5,392.75,23.03263485431671,653.0558693117182
1,2,51.333333333333336,54.22222222222222,5.105357964833577,95.86477261613153
1,2,51.333333333333336,54.22222222222222,3.1908077001571655,10.578899074182502
7,3,124.0,6096.0,3.3469581604003906,9.512716796810613
6,4,55.0,211.4,9.724609851837158,107.49509393332346
5,4,50.22222222222222,38.617283950617285,7.374684810638428,248.2568035232987
1,2,60.0,354.6666666666667,24.797204732894897,614.901362565105
0,1,52.0,0.0,0,0
0,1,52.0,0.0,0,0
12,10,255.13636363636363,133390.02685950414,2.057835715157645,76.14316976468275
3,3,71.66666666666667,320.55555555555554,9.82179880142212,199.41298899535923
0,1,52.0,0.0,0,0
1,2,51.333333333333336,54.22222222222222,12.994476556777954,168.85642098465183
2,3,56.4,264.64,12.026407378060478,163.9308879162488
5,2,76.28571428571429,547.3469387755102,8.78452181816101,113.93161521353124
6,2,133.5,7168.75,8.394904136657715,66.33375536962518
5,5,50.4,35.03999999999999,6.405390592721792,108.73260004816757
6,3,63.111111111111114,360.09876543209873,11.253180801868439,79.59113533231977
0,1,52.0,0.0,0,0
0,1,52.0,0.0,0,0
1,2,60.0,354.6666666666667,2.3995816707611084,5.757992194652672
0,1,52.0,0.0,0,0
11,10,364.2857142857143,190363.63265306124,1.5044119358062744,14.608539304681983
0,1,52.0,0.0,0,0
3,4,68.85714285714286,322.1224489795918,13.798070351282755,269.9067279563307
0,1,52.0,0.0,0,0
1,2,51.333333333333336,54.22222222222222,10.277615785598755,105.62938623638871
21,18,270.79487179487177,145393.3938198553,1.373607359434429,16.717365465785292
14,15,105.82758620689656,12525.453032104633,1.6822964804513114,71.69239325074348
6,5,52.54545454545455,112.06611570247934,8.4268479347229,89.47450904624225
1,1,49.0,9.0,66.29029989242554,0.0
3,3,71.66666666666667,320.55555555555554,9.20119333267212,146.4129488808212
3,3,50.666666666666664,43.55555555555555,7.832642078399658,181.21697152333672
17,19,273.0833333333333,205144.40972222222,1.0706087521144323,12.192486786960457
5,5,58.2,220.35999999999999,5.520211537679036,46.114750083679525
1,2,51.333333333333336,54.22222222222222,6.823158860206604,107.31638830336684
4,5,63.333333333333336,207.11111111111111,2.8369134664535522,16.716416910429288
2,3,63.6,264.64,7.992942929267883,93.24913680438092
2,3,56.4,264.64,5.013267596562703,90.71503132704193
5,2,145.42857142857142,7031.673469387754,13.799957831700643,90.88356077951293
1,2,74.66666666666667,256.88888888888886,20.399001836776733,416.11927593682054
2,2,48.0,18.0,5.567452311515808,17.411455855154756
4,3,68.0,355.42857142857144,7.647843758265178,96.7679799823854
2,3,63.6,347.84000000000003,20.69887638092041,861.0974727659027
4,1,86.4,375.84000000000003,12.00417697429657,240.9908415154188
1,2,60.0,354.6666666666667,1.202317476272583,1.4248538429129098
0,1,52.0,0.0,9.426696300506592,88.6710846339156
3,3,71.66666666666667,320.5555555555556,12.544668674468994,319.9891826384978
1,2,48.666666666666664,22.222222222222225,41.406487226486206,1713.7941672766729
1,2,74.66666666666667,256.88888888888886,25.794984102249146,665.3812048352861
1,1,47.0,25.0,5.006105105082194,49.84558679459811
5,2,156.57142857142858,5141.3877551020405,7.499392926692963,39.4794501488632
1,2,60.0,354.6666666666667,14.110053777694702,198.81254548887597
1,2,72.0,210.66666666666666,8.855164051055908,77.35179987790275
3,3,54.0,217.33333333333334,9.461884498596191,97.98866904572378
1,1,49.0,9.0,31.571269035339355,0.0
1,2,60.0,354.6666666666667,10.407763719558716,108.12679339689026
0,1,52.0,0.0,0,0
3,3,71.66666666666667,320.5555555555556,12.621130466461182,320.66221916190534
1,2,48.666666666666664,22.222222222222225,45.90688467025757,2107.442060128329
1,2,74.66666666666667,256.88888888888886,39.10394906997681,1529.11883286734
1,2,74.66666666666667,256.88888888888886,7.604198455810547,57.823834155351506
0,1,52.0,0.0,0,0
7,3,130.2,5331.5599999999995,5.142367945777045,22.30230881446524
1,2,60.0,354.6666666666667,9.503090381622314,90.12900929342891
0,1,52.0,0.0,0,0
67,96,394.06134969325154,409739.45635891455,0.44233731281610184,5.9570210961383
10,10,57.1,110.18999999999998,2.8002238273620605,44.84024754503277
1,1,47.0,25.0,23.057940006256104,531.6685973321057
3,3,71.66666666666667,320.5555555555556,14.315191268920898,358.34979706907825
3,4,60.0,304.0,11.475513577461243,255.3714143064379
1,2,51.333333333333336,54.22222222222222,18.345391750335693,336.5533984732849
7,7,105.07142857142857,7337.637755102042,2.555595728067251,55.00373988864113
1,2,60.0,354.6666666666667,14.896606206893921,221.9088764832705
4,1,73.8,542.1600000000001,2.5174278020858765,11.279930743692645
7,3,124.0,6096.0,3.3655950758192272,14.59671538656449
2,3,63.6,264.64,12.302786707878113,318.22123487248285
6,6,58.5,238.08333333333334,8.004051121798428,204.51157965278864
3,3,57.0,186.33333333333334,7.039971351623535,78.30832919325303
4,2,47.333333333333336,12.888888888888891,11.621594905853271,117.33860979887004
2,3,63.6,347.84000000000003,20.499818325042725,1018.9191675589966
1,2,74.66666666666667,256.88888888888886,1.402822732925415,1.9438377589281686
1,2,72.0,210.66666666666666,18.077563047409058,325.45932788042506
1,2,74.66666666666667,256.88888888888886,5.994616746902466,35.9354299422435
1,2,60.0,354.6666666666667,30.400915145874023,924.2156417066326
1,2,48.666666666666664,22.222222222222225,40.99982976913452,1680.9860410980093
1,2,74.66666666666667,256.88888888888886,15.192307233810425,230.80619908648856
5,2,150.28571428571428,6265.632653061225,10.919922987620035,132.23952910143203
2,2,64.5,326.75,3.303490479787191,21.625184231278478
1,2,48.666666666666664,22.222222222222225,40.996880531311035,1680.7442132985898
0,1,52.0,0.0,0,0
3,3,60.666666666666664,332.8888888888889,16.162941932678223,402.48298536430275
3,1,46.5,12.75,11.694305737813314,73.12653692071585
0,1,52.0,0.0,0,0
3,4,68.85714285714286,322.1224489795918,13.66723338762919,290.9451946090549
0,1,52.0,0.0,0,0
3,3,63.666666666666664,147.2222222222222,2.211717128753662,18.72318210571757
2,3,63.6,347.84000000000003,5.554874539375305,83.72983995393886
1,2,48.666666666666664,22.222222222222225,41.00369930267334,1681.3033565040541
4,1,184.8,4408.960000000001,13.259668350219727,30.471978061692084
3,3,71.66666666666667,320.55555555555554,10.010001182556152,188.3274882069859
0,1,52.0,0.0,0,0
0,1,52.0,0.0,0,0
2,3,63.6,347.84000000000003,20.50050914287567,485.4316082092776
6,2,71.5,611.25,10.438885688781738,322.0301230747964
11,13,368.4166666666667,254777.15972222216,1.832426112631093,34.740267713381
128,265,884.5776081424937,1986845.1752746864,0.09693100744364214,0.6583499073082535
2,3,62.0,286.4,20.502672791481018,1110.2164709949034
0,1,52.0,0.0,0,0
1,2,60.0,354.6666666666667,11.797401905059814,139.17869170950894
1,1,51.0,81.0,12.380932569503784,153.28749129059958
7,4,114.36363636363636,6202.7768595041325,5.975693225860596,37.86801203662003
1,2,62.666666666666664,326.22222222222223,22.30639934539795,497.19027157152595
1,1,82.0,16.0,0.03167390823364258,0.0
3,3,50.666666666666664,43.55555555555555,10.582132816314697,341.13450659219416
0,0,0,0,0,0
4,4,58.25,287.4375,10.283241612570626,93.592833869329
2,0,46.0,0.0,5.015013217926025,0.0
13,11,237.58333333333334,125656.82638888889,2.113584746485171,81.30708902747368
3,2,78.0,153.6,17.82001554965973,398.2989135951424
0,1,52.0,0.0,0,0
0,0,0,0,0,0
1,2,74.66666666666667,256.88888888888886,30.38630247116089,923.3273778688783
14,6,85.8,4384.359999999999,2.4901839306480005,14.954412812519102
10,10,476.0,327345.4,3.6553315112465308,122.2398625539787
0,1,52.0,0.0,0,0
0,1,86.0,0.0,0,0
2,2,53.5,0.75,7.2994669278462725,101.16420381758392
1,2,77.33333333333333,150.22222222222223,7.178741693496704,51.53433230194793
4,2,47.333333333333336,12.888888888888891,15.630980014801025,309.07146347184243
3,3,73.0,277.0,9.677357196807861,186.4635943768858
0,1,52.0,0.0,0,0
1,2,77.33333333333333,150.22222222222223,6.2601470947265625,39.07710450278046
0,0,0,0,0,0
6,3,71.44444444444444,462.2469135802469,10.56712955236435,164.0689018288582
7,2,125.33333333333333,6881.777777777777,6.172792613506317,27.492670927445936
3,3,71.66666666666667,320.5555555555556,11.946985721588135,353.13915777261855
0,0,0,0,0,0
1,2,74.66666666666667,256.88888888888886,5.194957256317139,26.987580894962093
0,0,0,0,0,0
14,14,277.10714285714283,183017.66709183672,1.1847810392026548,27.150172984746696
1,1,49.0,9.0,33.12469005584717,0.0
5,3,65.25,363.9375,8.576721804482597,279.22398795870754
0,1,52.0,0.0,19.87776517868042,394.72603778636426
0,1,86.0,0.0,0,0
0,1,52.0,0.0,0,0
0,1,86.0,0.0,0,0
5,1,161.0,6506.333333333333,6.465851783752441,20.346648725784235
1,2,74.66666666666667,256.88888888888886,10.808364152908325,116.8207356618737
1,1,82.0,16.0,0.0369715690612793,0.0
70,69,369.19424460431657,280538.775218674,0.290279267490774,2.12668186599839
25,23,275.6041666666667,175326.40581597222,0.3811522747607941,2.07207267212797
0,1,86.0,0.0,6.346798340479533,53.87220600047804
0,1,52.0,0.0,19.230753183364868,369.821867999498
6,4,53.4,66.24000000000001,7.070040702819824,60.34848170225732
2,2,53.75,73.1875,0.9531752268473307,0.922139388608735
2,3,68.0,64.0,4.378092288970947,55.7154444301716
2,2,84.0,12.0,15.22826353708903,462.5292762278807
1,1,47.0,25.0,14.090805053710938,198.26425714038578
8,5,106.84615384615384,5530.591715976332,5.960118770599365,39.456823003207354
0,0,0,0,0,0
2,2,66.5,392.75,1.9293076992034912,10.276880171901496
